"adk"	"gyrB"	"mdh"	"recA"	"purA"	"fumC"	"icd"	"MLST_type"
"bSNP1283"	"10"	"4"	"8"	"2"	"8"	"11"	8	"10"
"bSNP1295"	"10"	"4"	"8"	"2"	"8"	"11"	8	"10"
"bSNP1304"	"10"	"4"	"8"	"2"	"8"	"11"	8	"10"
"bSNP1305"	"21"	"27"	"5"	"4"	"5"	"35"	6	"69"
"bSNP1308"	"10"	"4"	"8"	"2"	"8"	"11"	8	"10"
"bSNP1313"	"53"	"47"	"36"	"29"	"28"	"40"	13	"131"
"bSNP1325"	"21"	"27"	"5"	"4"	"5"	"35"	6	"69"
"bSNP1326"	"37"	"19"	"17"	"26"	"11"	"38"	37	"95"
"bSNP1331"	"10"	"4"	"8"	"2"	"8"	"11"	8	"10"
"bSNP1334"	"10"	"4"	"8"	"2"	"8"	"11"	8	"10"
"bSNP1337"	"10"	"4"	"8"	"2"	"8"	"11"	8	"10"
"bSNP1348"	"10"	"4"	"8"	"2"	"8"	"11"	8	"10"
"bSNP1354"	"10"	"4"	"8"	"2"	"8"	"11"	8	"10"
"bSNP1361"	"21"	"27"	"5"	"4"	"5"	"35"	6	"69"
"bSNP1363"	"37"	"19"	"17"	"26"	"11"	"38"	37	"95"
"bSNP1370"	"10"	"4"	"8"	"2"	"8"	"11"	8	"10"
"bSNP1373"	"21"	"27"	"5"	"4"	"5"	"35"	6	"69"
"bSNP1396"	"10"	"4"	"8"	"2"	"8"	"11"	8	"10"
"bSNP1397"	"21"	"27"	"5"	"4"	"5"	"35"	6	"69"
"bSNP1400"	"21"	"27"	"5"	"4"	"5"	"35"	6	"69"
"bSNP1416"	"21"	"27"	"5"	"4"	"5"	"35"	6	"69"
"bSNP1419"	"21"	"27"	"5"	"4"	"5"	"35"	6	"69"
"bSNP1421"	"4"	"2"	"5"	"19"	"5"	"26"	25	"38"
"bSNP2004"	"21"	"27"	"5"	"4"	"5"	"35"	6	"69"
"bSNP2038"	"4"	"2"	"5"	"19"	"5"	"26"	25	"38"
"bSNP2043"	"21"	"27"	"5"	"4"	"5"	"35"	6	"69"
"bSNP2062"	"21"	"27"	"5"	"4"	"5"	"35"	6	"69"
"bSNP2072"	"21"	"27"	"5"	"4"	"5"	"35"	6	"69"
"bSNP2078"	"53"	"47"	"36"	"29"	"28"	"40"	13	"131"
"bSNP2087"	"21"	"27"	"5"	"4"	"5"	"35"	6	"69"
"bSNP2096"	"4"	"2"	"5"	"19"	"5"	"26"	25	"38"
"bSNP2102"	"21"	"27"	"5"	"4"	"5"	"35"	6	"69"
"bSNP2128"	"21"	"27"	"5"	"4"	"5"	"35"	6	"69"
"bSNP260"	"10"	"4"	"8"	"2"	"8"	"11"	8	"10"
"bSNP262"	"10"	"4"	"8"	"2"	"8"	"11"	8	"10"
"bSNP267"	"10"	"4"	"8"	"2"	"8"	"11"	8	"10"
"bSNP268"	"10"	"4"	"8"	"2"	"8"	"11"	8	"10"
"bSNP270"	"10"	"4"	"8"	"2"	"8"	"11"	8	"10"
"bSNP271"	"10"	"4"	"8"	"2"	"8"	"11"	8	"10"
"bSNP272"	"10"	"4"	"8"	"7"	"8"	"11"	8	"Other"
"bSNP273"	"10"	"4"	"8"	"2"	"8"	"11"	8	"10"
"bSNP274"	"6"	"23"	"8"	"2"	"8"	"7"	1	"Other"
"bSNP275"	"8"	"1"	"8"	"6"	"8"	"7"	8	"46"
"bSNP280"	"6"	"4"	"8"	"2"	"8"	"11"	8	"Other"
"bSNP284"	"10"	"4"	"8"	"2"	"8"	"11"	8	"10"
"bSNP287"	"6"	"5"	"24"	"21"	"8"	"30"	1	"Other"
"bSNP331"	"6"	"12"	"20"	"7"	"13"	"4"	1	"Other"
"bSNP663"	"53"	"47"	"36"	"29"	"28"	"40"	13	"131"
"bSNP669"	"53"	"47"	"36"	"29"	"28"	"40"	13	"131"
"bSNP671"	"4"	"2"	"5"	"19"	"5"	"26"	25	"38"
"bSNP675"	"4"	"2"	"5"	"19"	"5"	"26"	25	"38"
"bSNP676"	"4"	"2"	"5"	"19"	"5"	"26"	25	"38"
"bSNP678"	"4"	"2"	"5"	"19"	"5"	"26"	25	"38"
"bSNP704"	"4"	"2"	"5"	"19"	"5"	"26"	25	"38"
"bSNP707"	"4"	"2"	"5"	"19"	"5"	"26"	25	"38"
"bSNP709"	"4"	"2"	"5"	"19"	"5"	"26"	25	"38"
"bSNP712"	"4"	"2"	"5"	"19"	"5"	"26"	25	"38"
"bSNP723"	"10"	"4"	"8"	"2"	"8"	"11"	8	"10"
"bSNP725"	"53"	"47"	"36"	"29"	"28"	"40"	13	"131"
"bSNP743"	"53"	"47"	"36"	"29"	"28"	"40"	13	"131"
"bSNP746"	"53"	"47"	"36"	"29"	"28"	"40"	13	"131"
"bSNP751"	"37"	"19"	"17"	"26"	"11"	"38"	37	"95"
"bSNP754"	"10"	"4"	"8"	"2"	"8"	"11"	8	"10"
"bSNP757"	"37"	"19"	"17"	"26"	"11"	"38"	37	"95"
"bSNP762"	"37"	"19"	"17"	"26"	"11"	"38"	37	"95"
"bSNP772"	"53"	"47"	"36"	"29"	"28"	"40"	13	"131"
"bSNP775"	"53"	"47"	"36"	"29"	"28"	"40"	13	"131"
"bSNP780"	"10"	"4"	"8"	"2"	"8"	"11"	8	"10"
"bSNP790"	"53"	"47"	"36"	"29"	"28"	"40"	13	"131"
"bSNP797"	"37"	"19"	"17"	"26"	"11"	"38"	37	"95"
"bSNP805"	"53"	"47"	"36"	"29"	"28"	"40"	13	"131"
"bSNP807"	"53"	"47"	"36"	"29"	"28"	"40"	13	"131"
"bSNP809"	"37"	"19"	"17"	"26"	"11"	"38"	37	"95"
"bSNP817"	"53"	"47"	"36"	"29"	"28"	"40"	13	"131"
"bSNP822"	"53"	"47"	"36"	"29"	"28"	"40"	13	"131"
"bSNP823"	"37"	"19"	"17"	"26"	"11"	"38"	37	"95"
"bSNP828"	"53"	"47"	"36"	"29"	"28"	"40"	13	"131"
"bSNP847"	"53"	"47"	"36"	"29"	"28"	"40"	13	"131"
"bSNP850"	"10"	"4"	"8"	"2"	"8"	"11"	8	"10"
"bSNP852"	"53"	"47"	"36"	"29"	"28"	"40"	13	"131"
"bSNP858"	"53"	"47"	"36"	"29"	"28"	"40"	13	"131"
"bSNP859"	"37"	"19"	"17"	"26"	"11"	"38"	37	"95"
